ANO,MES,AREA_DESMATADA_KM2
2021,1,0.018233101027826444
2021,2,0.07912419097911716
2021,3,0.1910741867096966
2021,4,0.5397433507332855
2021,5,1.0784288082328748
2021,6,0.6819677616517066
2021,7,1.3423109410263836
2021,8,0.6170629003137441
2021,9,0.7068282526435723
2021,10,0.35358525610958996
2021,11,0.029869926598487008
2021,12,0.01944656679588998
