ANO,MES,AREA_DESMATADA_KM2
2023,1,0.05504758750560184
2023,2,0.18153067414867408
2023,3,0.49230866099880793
2023,4,0.3471867929334659
2023,5,0.5818300963468707
2023,6,0.4985479141020253
2023,7,0.3449754120867559
2023,8,0.3225456920701262
2023,9,0.33225997221817355
2023,10,0.16395809420606805
2023,11,0.05417883074439436
2023,12,0.047189287711043186
