ANO,MES,AREA_DESMATADA_KM2
2020,1,0.07072459566081273
2020,2,0.10845490450664809
2020,3,0.377039976123306
2020,4,0.40724527218677803
2020,5,0.959360196050801
2020,6,0.9065798616402393
2020,7,1.5051604238736802
2020,8,1.151379578168588
2020,9,0.6084209635642237
2020,10,0.4656562105673599
2020,11,0.11476960054779206
2020,12,0.030889388134596036
